quote_text,author,date_added,image_url
"Innovation is not about saying yes to everything, but about saying no to all but the most crucial features.",The Wiser One,2024-01-01T06:06:06Z,https://kura.pro/stock/images/banners/vitalis-hirschmann-4ErRQkRiOv4.webp
"Simplicity is the ultimate sophistication, where complexity is peeled away to reveal the essence.",The Wiser One,2024-01-02T06:06:06Z,https://kura.pro/stock/images/banners/vitalis-hirschmann-4ErRQkRiOv4.webp
"True genius lies not in doing the extraordinary, but in elevating the ordinary.",The Wiser One,2024-01-03T06:06:06Z,https://kura.pro/stock/images/banners/vitalis-hirschmann-4ErRQkRiOv4.webp
The people who are crazy enough to think they can change the world are the ones who do.,The Wiser One,2024-01-04T06:06:06Z,https://kura.pro/stock/images/banners/vitalis-hirschmann-4ErRQkRiOv4.webp
Focus is about saying no to a thousand good ideas to embrace the one great idea that truly matters.,The Wiser One,2024-01-05T06:06:06Z,https://kura.pro/stock/images/banners/vitalis-hirschmann-4ErRQkRiOv4.webp
"To innovate, you must be willing to embrace the discomfort of uncertainty.",The Wiser One,2024-01-06T06:06:06Z,https://kura.pro/stock/images/banners/vitalis-hirschmann-4ErRQkRiOv4.webp
Greatness is achieved when passion and persistence challenge the impossible.,The Wiser One,2024-01-07T06:06:06Z,https://kura.pro/stock/images/banners/vitalis-hirschmann-4ErRQkRiOv4.webp
The future is shaped by those who dare to believe that their vision can become a reality.,The Wiser One,2024-01-08T06:06:06Z,https://kura.pro/stock/images/banners/vitalis-hirschmann-4ErRQkRiOv4.webp
Creativity is connecting things where others see no connection.,The Wiser One,2024-01-09T06:06:06Z,https://kura.pro/stock/images/banners/vitalis-hirschmann-4ErRQkRiOv4.webp
The greatest innovations are those that improve lives in ways people never imagined.,The Wiser One,2024-01-10T06:06:06Z,https://kura.pro/stock/images/banners/vitalis-hirschmann-4ErRQkRiOv4.webp
"Enduring success comes not from the frequency of innovation, but from the depth of understanding.",The Wiser One,2024-01-11T06:06:06Z,https://kura.pro/stock/images/banners/vitalis-hirschmann-4ErRQkRiOv4.webp
The most powerful tool we have is the ability to think differently and challenge the status quo.,The Wiser One,2024-01-12T06:06:06Z,https://kura.pro/stock/images/banners/vitalis-hirschmann-4ErRQkRiOv4.webp
Every significant achievement starts with the courage to pursue what seems impossible.,The Wiser One,2024-01-13T06:06:06Z,https://kura.pro/stock/images/banners/vitalis-hirschmann-4ErRQkRiOv4.webp
"In the orchestra of innovation, technology is an instrument, not the composer.",The Wiser One,2024-01-14T06:06:06Z,https://kura.pro/stock/images/banners/vitalis-hirschmann-4ErRQkRiOv4.webp
Vision without execution is just a daydream; execution without vision is just a chore.,The Wiser One,2024-01-15T06:06:06Z,https://kura.pro/stock/images/banners/vitalis-hirschmann-4ErRQkRiOv4.webp
Life's most profound lessons are often found in the simplest moments.,The Wiser One,2024-01-16T06:06:06Z,https://kura.pro/stock/images/banners/vitalis-hirschmann-4ErRQkRiOv4.webp
"In the pursuit of knowledge, every day is a new chapter full of possibilities.",The Wiser One,2024-01-17T06:06:06Z,https://kura.pro/stock/images/banners/vitalis-hirschmann-4ErRQkRiOv4.webp
"Great leaders don't just provide answers, they inspire questions.",The Wiser One,2024-01-18T06:06:06Z,https://kura.pro/stock/images/banners/vitalis-hirschmann-4ErRQkRiOv4.webp
"Breakthroughs come from breaking with tradition, not from following it.",The Wiser One,2024-01-19T06:06:06Z,https://kura.pro/stock/images/banners/vitalis-hirschmann-4ErRQkRiOv4.webp
The essence of creativity lies in a mind that questions what others accept.,The Wiser One,2024-01-20T06:06:06Z,https://kura.pro/stock/images/banners/vitalis-hirschmann-4ErRQkRiOv4.webp
"Dreams shape the future, but it's our relentless pursuit that builds it.",The Wiser One,2024-01-21T06:06:06Z,https://kura.pro/stock/images/banners/vitalis-hirschmann-4ErRQkRiOv4.webp
"In the realm of ideas, fear is the only enemy that needs to be defeated.",The Wiser One,2024-01-22T06:06:06Z,https://kura.pro/stock/images/banners/vitalis-hirschmann-4ErRQkRiOv4.webp
"Innovation isn't just about creating new paths; sometimes, it's about illuminating the ones we've overlooked.",The Wiser One,2024-01-23T06:06:06Z,https://kura.pro/stock/images/banners/vitalis-hirschmann-4ErRQkRiOv4.webp
"Change is not just a goal or a process, but a mindset that questions the familiar.",The Wiser One,2024-01-24T06:06:06Z,https://kura.pro/stock/images/banners/vitalis-hirschmann-4ErRQkRiOv4.webp
"Progress requires not just action, but the willingness to face the unknown.",The Wiser One,2024-01-25T06:06:06Z,https://kura.pro/stock/images/banners/vitalis-hirschmann-4ErRQkRiOv4.webp
"To lead is not to be the loudest in the room, but to be the beacon that guides others.",The Wiser One,2024-01-26T06:06:06Z,https://kura.pro/stock/images/banners/vitalis-hirschmann-4ErRQkRiOv4.webp
"Success is not measured by what we achieve alone, but by the journeys we inspire in others.",The Wiser One,2024-01-27T06:06:06Z,https://kura.pro/stock/images/banners/vitalis-hirschmann-4ErRQkRiOv4.webp
Curiosity is the compass that leads us to our passions.,The Wiser One,2024-01-28T06:06:06Z,https://kura.pro/stock/images/banners/vitalis-hirschmann-4ErRQkRiOv4.webp
"In a world that champions talking, listening is an undervalued superpower.",The Wiser One,2024-01-29T06:06:06Z,https://kura.pro/stock/images/banners/vitalis-hirschmann-4ErRQkRiOv4.webp
The most profound discoveries often lie just beyond the boundary of our comfort zone.,The Wiser One,2024-01-30T06:06:06Z,https://kura.pro/stock/images/banners/vitalis-hirschmann-4ErRQkRiOv4.webp
"In the canvas of life, every setback is a potential for a remarkable comeback.",The Wiser One,2024-01-31T06:06:06Z,https://kura.pro/stock/images/banners/vitalis-hirschmann-4ErRQkRiOv4.webp
